nickname,uniqueName,winRatio,yieldRatio,instruments,shareRatio,totalFollowerNum,followerLimit,followerNum
"('Alvinnn111',)","('9B28742D954561AE',)",0.8765,0.6108,8,,,,
"('比特智说币',)","('8B9619BF3BDE40E7',)",1,1.3356,2,,,,
"('神经刀819',)","('3D076289717CAD7D',)",1,0.7678,144,,,,
"('RealCryptoFox',)","('A24E06C746B022B4',)",0.6,2.0414,145,,,,
"('墙头草',)","('D5E7A8430A35CA84',)",0.675,1.31,2,,,,
"('从小有个百万梦',)","('540D011FDACCB47A',)",0.6452,4.7457,108,,,,
"('币聪翔哥',)","('3714635BEF30ADB2',)",0.75,7.3325,142,,,,
"('小小小交易员',)","('40F2B5CF28935B03',)",0.7941,2.8033,145,,,,
"('哎呦雨尘',)","('57C18975F7380C9A',)",0.6667,5.5009,145,,,,
"('雪球王',)","('DDF529A6117DBB92',)",0.5811,5.2289,30,,,,
"('songer1993',)","('BFAA2A3003D999A2',)",0.5556,3.4892,12,,,,
"('一年99倍',)","('280F73A9745B8A56',)",0.5,5.3533,144,,,,
"('KriptoShadow',)","('67A85F8BC1B67E17',)",0.8036,0.418,35,,,,
"('.慢就是快.',)","('08B7172AB2EC7E4E',)",0.7188,7.2084,145,,,,
"('睡在海马里的小白菜',)","('1A81F64DB5E45423',)",0.8065,3.9083,144,,,,
"('Jack sue',)","('1D805A3D43979DAA',)",0.7966,0.9152,144,,,,
"('戒丨笑',)","('4FC33E8E9E958667',)",0.5882,1.2417,2,,,,
"('扮猪又吃虎',)","('FAE1918C096BAFAA',)",0.6286,0.9759,139,,,,
"('skyllexbai',)","('7B066CDD82FF181B',)",0.561,0.609,102,,,,
"('BBB Exchange',)","('2672D2C78ED57944',)",0.8333,0.8435,101,,,,
"('道化有缘人',)","('CA6860C8317C3964',)",0.5556,12.4214,146,,,,
"('比特僧',)","('C5B2D53D82FD639B',)",0.5192,0.4735,145,,,,
"('稳稳幸福',)","('C699727758054690',)",0.8333,7.0943,139,,,,
"('霈萱',)","('D62E705043000216',)",0.7308,0.5163,3,,,,
"('E-李先生',)","('076C8D87FAF40729',)",0.6129,0.7323,81,,,,
"('梭哈艺术',)","('99C7F190B1EDB34B',)",0.7297,2.5557,145,,,,
"('无惧震荡',)","('3DCBB907B163B657',)",0.7246,1.4438,145,,,,
"('苟住慢慢发展',)","('8CC449FE21A65E58',)",0.6047,0.7417,144,,,,
"('祈福兔',)","('5DA033BD199630B4',)",0.5738,0.3258,144,,,,
"('HODLmeCloser',)","('BDA9974EA3429B2D',)",0.7209,0.2401,61,,,,
"('win9527',)","('A3DB76A3E0192DAC',)",0.6757,1.4136,139,,,,
"('187***6749',)","('A1E474A81731D629',)",0.6744,1.3574,108,,,,
"('brc20猪猪',)","('1EFD07DA487D9B8C',)",0.6098,0.3418,2,,,,
"('luckySam',)","('6EEB766D85386D55',)",0.9063,1.2165,8,,,,
"('Bkey花哥',)","('92E41C5340B92AAD',)",0.7143,2.1384,100,,,,
"('飞飞看币',)","('F4F7CC6B929D00E0',)",0.6471,2.7944,120,,,,
"('东南森林13678',)","('514FC4BC073BD2A4',)",0.5778,1.0224,100,,,,
"('VII9',)","('BAB9CC006D152765',)",0.5,0.4506,2,,,,
"('Believe me',)","('C032E79C3AE62B14',)",0.7561,2.0123,145,,,,
"('NewJourney2024',)","('922317CE39A74C35',)",0.566,0.5057,144,,,,
"('算命李大仙',)","('6078AE576A0B1BF2',)",0.875,1.4427,7,,,,
"('进击的2大爷',)","('316EB79577E71F64',)",0.6829,1.5274,24,,,,
"('柠檬鼠',)","('40BE92CF419A5E7E',)",0.5417,3.8186,141,,,,
"('李好AboutmrL_',)","('08BE1D6C25A5CF65',)",0.5946,3.5975,145,,,,
"('618北伐军',)","('98B0839FADD9D033',)",0.7,0.4824,139,,,,
"('EFENDILER',)","('402CE4BE9D09838C',)",0.5854,0.6656,145,,,,
"('A lot of money2',)","('F61BE2617DB533F9',)",0.7083,0.9737,3,,,,
"('小单大赢',)","('427D1C2C32A6ECD6',)",0.8824,0.7628,1,,,,
"('Voy-',)","('3057EEC0ED33484A',)",0.7222,1.0085,145,,,,
"('GROWTH',)","('35F4B2330089600E',)",0.5946,0.7212,107,,,,
"('EmeraldSword8608',)","('771692F90CE76517',)",0.6471,0.8036,100,,,,
"('区比特',)","('D5DCAB90D17992CB',)",0.5714,0.8144,144,,,,
"('Plymouth',)","('A8AF8AFFAB6051B3',)",0.7925,1.7827,63,,,,
"('大亨+1',)","('CF3A5025608A0E42',)",0.6333,1.1277,141,,,,
"('paddy黄黄',)","('4A433220637E817D',)",0.5538,5.793,120,,,,
"('AlanoxoTT',)","('EDC6225420A2AE32',)",0.7037,1.9379,139,,,,
"('小透明测试',)","('325274819A03081E',)",0.5366,1.201,141,,,,
"('纳雍烙锅资深爱好者',)","('8971E94285FDBD96',)",0.5106,0.7054,120,,,,
"('多空涨跌',)","('FB145170D187A28F',)",0.5556,0.6033,2,,,,
"('鄂贯满盈',)","('207CEFEA2697B217',)",0.7895,2.2013,137,,,,
"('animajoe',)","('7190B218CC6D0B7A',)",0.625,1.115,108,,,,
"('Hi起风了',)","('6CDA8020001C181E',)",0.6842,0.8279,135,,,,
"('大姥爷',)","('90CE72DB8D73F3A0',)",0.7442,3.768,140,,,,
"('Kirim',)","('82F07C8FD20131A5',)",0.6957,0.7473,141,,,,
"('离离Y上草',)","('EE25393CF3458A62',)",0.575,0.8278,7,,,,
"('Trade at Oasis',)","('792632560C00D58A',)",0.6957,0.6373,144,,,,
"('北京市疯人院：院长（涨院涨）',)","('9C2260E7FAC79509',)",0.8,3.246,145,,,,
"('louco的交易',)","('87CE370F79220167',)",0.5385,0.7737,106,,,,
"('资本小丑',)","('43F5306CA0F3BEE3',)",0.7241,1.8997,15,,,,
"('亿亿咖',)","('EC70AB2504AF4AF3',)",0.9091,1.2991,108,,,,
"('Good Crypto',)","('1D8C5D6B334A89FD',)",0.6154,0.6944,144,,,,
"('大作手simo0n',)","('B6D1A937F0C88AD2',)",0.6,0.6886,144,,,,
"('大战苟庄',)","('EAFA83D16F1DA08C',)",0.6667,2.0161,39,,,,
"('红红火火99',)","('02744C1A3DAF4CF8',)",0.6154,2.4301,137,,,,
"('恭喜发财-BTC-ETH',)","('356A336554B8E891',)",0.9048,1.7224,61,,,,
"('小蚂蚁3722',)","('6D69CBB420D02205',)",0.6452,0.4127,144,,,,
"('Leon space',)","('E0153583DEAE72A0',)",0.7931,1.3506,145,,,,
"('Kenny G',)","('175281D3F8F90609',)",0.7879,2.156,94,,,,
"('Sprofessor\xa0crypto',)","('AF046B872D6E69D5',)",0.5556,0.7256,95,,,,
"('m李xx',)","('63C47EA4CBB204F8',)",0.5769,2.262,145,,,,
"('忠涌_名侦探猫',)","('1238597B9F889794',)",0.7561,0.9472,136,,,,
"('静默状态Z',)","('D50A017ADF46589C',)",0.5625,1.5403,9,,,,
"('木落青花',)","('DCFE6DA921330DE3',)",0.6667,1.2405,3,,,,
"('阿柏不黑',)","('23373CBE76FFCF42',)",0.7429,0.7206,2,,,,
"('广进进1',)","('99724955522CB1EA',)",0.6282,0.9392,108,,,,
"('🙄️哦',)","('0951BA9B4DFBDE86',)",0.6111,1.8487,137,,,,
"('Luck_D',)","('50898A27AC64CE13',)",0.6667,2.2761,107,,,,
"('时间伙伴',)","('B049E6970ABB6CCD',)",0.5,2.1021,139,,,,
"('黑鬼冬哥',)","('F60A8909A9CA789A',)",0.625,1.3425,61,,,,
"('Hello123World',)","('71168DCFA7F60818',)",0.6,0.6044,137,,,,
"('loglog',)","('97E7F7EDCCBC751D',)",0.5625,2.7246,146,,,,
"('三年一十',)","('70923A619CCB8F2F',)",0.6364,0.4178,141,,,,
"('多空居士',)","('5427202AFD0CBBF2',)",0.6486,0.6278,5,,,,
"('合约前行者',)","('50765A0E16BAD7FD',)",0.5862,1.2919,1,,,,
"('CryptoPrinceTrades',)","('BBB7B438F3AA9798',)",0.6429,4.4397,108,,,,
"('暴富密码',)","('5FE7D9A42FD86F9D',)",0.6857,12.4891,144,,,,
"('说好的幸福呢-',)","('14571C6599BB4524',)",0.641,1.1052,12,,,,
"('稳健赢利',)","('84F98ADC6CE3DE19',)",0.8679,1.5064,120,,,,
"('小资金大回报',)","('7984E547CC9128F1',)",0.6429,6.4974,117,,,,
"('点到为止→_→',)","('F4166C7E599AA8DF',)",0.7895,4.5819,60,,,,
"('交易旅行',)","('B6CFB89C140B91B3',)",0.8462,0.4576,145,,,,
"('胖胖侯',)","('321186FABB29CA8C',)",0.7818,1.2383,120,,,,
"('Andy13',)","('16CEE1ACB80000A5',)",0.7647,0.6803,137,,,,
"('小周基金',)","('7286484D7A83E085',)",0.6346,1.0932,143,,,,
"('好好赚钱2023',)","('788A080EA19DD91F',)",0.575,1.4035,3,,,,
"('炒币郎',)","('E99BA95FA3AA885C',)",0.6522,1.2145,15,,,,
"('平淡语者',)","('896E285BF5F04B46',)",0.7931,0.559,2,,,,
"('Nian572',)","('BE3AF6FB95F22C87',)",0.64,1.7578,2,,,,
"('84高度',)","('8D44EE628BAED378',)",0.76,1.1429,60,,,,
"('九十九菲特',)","('6619DFA5EF5BA81F',)",0.7857,0.6621,2,,,,
"('AJAX欧冠冠军',)","('72C155D432667597',)",0.6429,1.9715,144,,,,
"('苏亨通',)","('68763592D6D36C50',)",0.7857,2.406,108,,,,
"('小韭菜418',)","('62656B99FC2BBC0C',)",0.72,0.6943,3,,,,
"('CHAODOI',)","('E90787F4C380710D',)",0.6842,0.6566,137,,,,
"('稳中求富',)","('B6A01FFBC101C0C5',)",0.5556,0.9812,21,,,,
"('Atlantus',)","('F9165854685F2595',)",0.7174,2.1297,120,,,,
"('亮晶晶@',)","('2FCAF97F77A18AC7',)",0.6615,1.786,108,,,,
"('趋势为我',)","('ADFB6C46B9A2A836',)",0.6333,4.0134,137,,,,
"('凌度小伙江小鱼',)","('737BBD4EA5001916',)",0.7576,0.7694,4,,,,
"('听人劝，吃饱饭',)","('F8C664D8E4549E55',)",0.9688,0.4926,139,,,,
"('心永恒净',)","('0A79D0757277C209',)",0.6038,0.8196,108,,,,
"('SKT-教皇',)","('F620E81A40CA8007',)",0.7308,0.2988,100,,,,
"('大老小王',)","('8BB27179D7493671',)",0.525,0.4649,34,,,,
"('时来运转 顺势而为',)","('F8C4CB723B02FDAE',)",0.6786,0.5628,108,,,,
"('向死而生chj',)","('1B354A70A0478AF7',)",0.5,0.4896,81,,,,
"('天才少年小啊giao',)","('1FA582F2541ED62A',)",0.5333,0.5818,144,,,,
"('联众资本',)","('430D3CCEAB10FCFB',)",0.52,2.9855,128,,,,
"('一锅炖不下',)","('C1118C42B2E79BE5',)",0.5789,0.8759,108,,,,
"('创造无我追求无我',)","('1EED3B7A50B8765E',)",0.5625,0.7097,108,,,,
"('心强运到，复利为王',)","('B6E95F6A0334E66B',)",0.5357,0.4376,108,,,,
"('合约老韭菜123',)","('D9FD92A11007D711',)",0.6364,0.6633,145,,,,
"('赖江之',)","('F0AA588D6E500CD6',)",0.6522,2.3497,3,,,,
"('先赚它一个小目标',)","('97617A0A8D379DF4',)",0.78,1.5134,2,,,,
"('一根烟抽三天',)","('4CDE227A89C79B6B',)",0.6667,0.4456,143,,,,
"('茉莉and me',)","('A6557EEE3FDF9739',)",0.6923,3.2354,144,,,,
"('比特熊',)","('D5EE82147B0E8CEC',)",0.8235,1.1825,2,,,,
"('Bulleur',)","('600300871FAF6C1D',)",0.6053,5.7532,106,,,,
"('比特克拉克',)","('90455CD8401C2548',)",0.8519,0.7362,137,,,,
"('Erik艾瑞克',)","('12EC1901395392D2',)",0.6667,0.4474,4,,,,
"('山夆哥爱暮虫单',)","('2E5F8D907E69F2EB',)",0.7273,0.8882,119,,,,
"('包Angus',)","('B832D4BA32643D1C',)",0.5179,0.7357,15,,,,
"('唐逗逗',)","('F4DEDCCAF76049AD',)",0.6061,0.5176,137,,,,
"('波段巫师',)","('AB0BD966849346A2',)",0.5366,0.231,145,,,,
"('追晚风的人',)","('2255AC08798746CA',)",0.7568,0.7392,145,,,,
"('陈于浩先生',)","('239DD69C7C2DB348',)",0.5333,0.3443,144,,,,
"('梦瑶123456789',)","('5458B04179FB4B12',)",0.8077,1.0193,25,,,,
"('实现亿万财富梦',)","('861CA47B049A9BDC',)",0.8438,0.2871,2,,,,
"('hub***@gmail.com',)","('9B8D1D7286136A80',)",0.6765,0.5036,144,,,,
"('没有烟抽的日子',)","('823664FB73B79E41',)",0.6824,0.1203,108,,,,
"('韭菜不自然生长',)","('974C98BA018904DC',)",0.717,0.8169,24,,,,
"('点球',)","('8F5A3438131106A2',)",0.5862,1.861,2,,,,
"('李氏力场最强',)","('8F36BD737B157143',)",0.7619,0.4175,2,,,,
"('Deniro',)","('EEA733598B702E87',)",0.5938,0.3056,145,,,,
"('Ak4 7',)","('3BF3126103BC1378',)",0.6053,1.3381,3,,,,
"('哈尔滨工业大学人工智能研究院',)","('B490D8393C558CC1',)",0.6296,0.1515,99,,,,
"('无限补仓流，够胆你就来',)","('35C293EE2E942D65',)",0.9222,0.4052,75,,,,
"('Yi酱',)","('0F7F01D7C3537A75',)",0.6912,0.7902,1,,,,
"('Ethan Fung',)","('42ECC9F1E53541DD',)",0.7,1.925,101,,,,
"('road32',)","('F729275A15D20A67',)",0.5,0.4774,108,,,,
"('Ai_lemon',)","('9C926FB79285FBEA',)",0.5385,0.271,3,,,,
"('HGN_CAPITAL',)","('4D11F45601E600B9',)",0.6667,0.5075,144,,,,
"('画饼高手',)","('052C55AD0FFD13B9',)",0.9,0.2203,3,,,,
"('Ace Capital',)","('437B5D74F12FD7AD',)",0.575,5.0029,144,,,,
"('招财猫-点金圣手',)","('D04FED8FE6D7EF2C',)",0.6667,0.2593,4,,,,
"('翻仓哥',)","('7978EFCCB949FACA',)",0.7308,1.3069,116,,,,
"('阿吉智富',)","('3969C7EB3D268BB6',)",0.5606,1.0388,5,,,,
"('魅影mm',)","('86162E962C8ACE73',)",0.7059,0.2377,6,,,,
"('天空蓝',)","('75A4D9F242E3676F',)",0.6923,0.521,10,,,,
"('Madness Doraemon',)","('28F490BCFB748861',)",0.5714,0.3112,120,,,,
"('稳稳的就好',)","('6347CA21A2E9FFE3',)",0.6379,0.4364,144,,,,
"('叫啥好',)","('D06C790B55AA4BBB',)",0.9167,1.557,4,,,,
"('总有一天会翻身的',)","('1B2F745F0F3EA1A4',)",0.6667,0.9378,2,,,,
"('猴哥炒币',)","('8EAF38558489BF15',)",0.7297,0.365,3,,,,
"('kkneedme22',)","('B505A4C8BE470A58',)",0.5714,0.8378,2,,,,
"('币圈丁元英',)","('B38B202C5E237D7E',)",0.5,0.4926,107,,,,
"('果仁量化—AGLD',)","('4DC84D2B0CA6B961',)",0.6774,0.4341,1,,,,
"('HikariUltra',)","('DA55D64B1E6BB1E0',)",0.84,0.2849,142,,,,
"('贝叶斯学徒',)","('B0A41FB4043889A7',)",0.7222,1.8233,138,,,,
"('黑色大长腿',)","('F53F03BF85EB7DEA',)",0.6818,0.3793,32,,,,
"('蓝色大海！',)","('E6D0298548759FC7',)",0.5385,0.1143,12,,,,
"('MJduDA',)","('2076A599DDCF5155',)",0.75,0.4598,120,,,,
"('zywcj',)","('AC8EB5689DE3F022',)",0.7253,0.5986,120,,,,
"('局外人的人',)","('9C46E6EAC045C3EF',)",0.5333,0.5659,108,,,,
"('道氏理论践行者-锦鲤鱼',)","('D042E6D6D90BB0FA',)",0.6182,0.8201,3,,,,
"('进取_gyfff',)","('53D0051F6EBE9C90',)",0.7692,3.824,139,,,,
"('happy toe',)","('9A0D51FCDE930B1E',)",0.6829,0.7827,137,,,,
"('Đạt Tom',)","('A934544E8BE967A7',)",0.5882,0.2891,137,,,,
"('你有没有唯一的交易条件？',)","('C9E1B2121448BE2A',)",0.5373,0.4436,145,,,,
"('勤劳开单小彩泡',)","('36D88B6001F2E1B8',)",0.7037,0.4936,1,,,,
"('Peliks',)","('AE736521512B42DB',)",0.6071,0.706,139,,,,
"('从小有个千万梦.',)","('755DAD1052C3C967',)",0.6429,3.3031,119,,,,
"('askzhu',)","('AADCA9D8B86787C5',)",1,0.2959,1,,,,
"('山顶韭菜',)","('4E341324D844334A',)",0.8947,0.1885,6,,,,
"('VG量化(山寨币频道)',)","('17340F04C0255958',)",0.6196,0.5872,62,,,,
"('战无不胜~ETH',)","('E272196AFBB5354C',)",0.76,8.9293,4,,,,
"('WB888',)","('6E07E6C6A96EE755',)",0.6579,0.1455,144,,,,
"('VVANVIUE ',)","('B0466363C0CD77C4',)",0.6591,3.4504,2,,,,
"('奶凶奶凶的',)","('712E7C0E5A89E37E',)",0.6962,0.8436,5,,,,
"('185***2792',)","('298E78860A5168C5',)",0.5385,0.0717,98,,,,
"('little-grace',)","('9ABFD419C8BAE143',)",0.7931,0.3573,2,,,,
"('打哭六个小孩',)","('CFBB80AD2A9C87A3',)",0.537,0.0763,148,,,,
"('915***@qq.com',)","('BAE58C854120C6CB',)",0.6341,1.9535,117,,,,
"('白白笑苍天',)","('0BE7D9FA6E9D992C',)",0.5062,0.2431,108,,,,
"('博研市场交易稳健',)","('ACBA39B2CAE29BD1',)",0.6857,0.1442,144,,,,
"('长年韭菜',)","('C343256953163322',)",0.75,0.1853,135,,,,
"('一年目标100万',)","('38BC4D486836515F',)",0.6857,0.2882,120,,,,
"('神隐-小珍',)","('C7A7BED938CFB1DF',)",0.7321,0.7462,144,,,,
"('阿阳 pro',)","('973046530467C507',)",0.5,0.3058,138,,,,
"('可以借个火',)","('18EC2BEFE3336246',)",0.7419,1.7171,145,,,,
"('童扬',)","('921D0879B1D823CB',)",0.625,0.0599,2,,,,
"('利弗莫尔雷',)","('5E663C021DFEEC4A',)",0.7,0.7163,61,,,,
"('合约老顽童',)","('1CD06CF443B6CC29',)",0.9474,1.736,7,,,,
"('数据分析师',)","('320A90CA9987A0F6',)",0.6,0.2561,9,,,,
"('笨笨丁睡不醒Qaq',)","('D48DC92B8AA53273',)",0.8043,7.9437,120,,,,
"('风中等风',)","('303F62B7544165C8',)",0.75,0.8396,3,,,,
"('AMIGO’s',)","('AB109103FD4FC4EA',)",0.5,0.838,145,,,,
"('Z帝王蟹',)","('D7919EB06482876B',)",0.5231,0.8921,138,,,,
"('比特取款机',)","('481A0E50C56E218D',)",0.6111,1.1009,7,,,,
"('☯守真',)","('59E8BBDA63243D59',)",0.6207,0.2471,144,,,,
"('提线木偶',)","('5DAB0579D43CC7A6',)",0.7966,0.7007,60,,,,
"('186***9500',)","('7CE0638F6CFDEE77',)",0.7273,0.5361,120,,,,
"('道阻且长 行则将至 八爷CJg',)","('53E1DB803A3F5191',)",0.7778,0.5298,11,,,,
"('YYDS啊',)","('1A1E0ADBA2F90BA1',)",0.7632,2.4815,138,,,,
"('蜂蜜柚子冰红茶',)","('A62CCD1AA392BFCD',)",0.7381,0.4142,145,,,,
"('FC2024',)","('48BCC29A617764AD',)",0.8136,0.2719,28,,,,
"('麦可',)","('EF6D894DDC12C4F8',)",0.6364,0.4489,4,,,,
"('短线带单王',)","('6FFE73062B67E050',)",0.6071,0.1263,108,,,,
"('独家情报哥',)","('35F888C7BB441B2B',)",0.625,0.0208,144,,,,
"('Javirey ',)","('2873681B2FE3F151',)",0.75,0.3765,7,,,,
"('梭哈就是一种智慧',)","('9B78B08972EC96E0',)",0.6486,0.2128,61,,,,
"('不屈不挠.决不言败',)","('039E98D922B18A02',)",0.5429,0.6319,16,,,,
"('小蚂蚁搬玉米',)","('5760FEC8250D8F89',)",0.8,0.2115,6,,,,
"('甄海王',)","('3D97539465A42032',)",0.7571,0.104,10,,,,
"('龙皇斗罗',)","('0F5FD702D49A18E6',)",0.6429,0.1695,144,,,,
"('清风雅雨',)","('799C8AA054E63976',)",0.6897,0.3032,137,,,,
"('钱多多多。',)","('67269ED0BC83DE23',)",0.7692,0.1402,1,,,,
"('利滚利基金鸭',)","('18D7F0C66456FFFD',)",0.75,0.2261,12,,,,
"('不贪不躁',)","('EC62F918730403C3',)",0.7547,0.0407,144,,,,
"('低倍慢赚',)","('BCBEBA9B7E66F8F6',)",0.5882,0.7796,108,,,,
"('三井寿',)","('EC7147207D372BBA',)",0.6232,2.0917,143,,,,
"('独孤求金',)","('DFCBAE89993BC6CC',)",0.7368,0.2102,3,,,,
"('好基友',)","('8D41C0F7C9AF6905',)",0.6111,0.2064,12,,,,
"('赚十枚大饼',)","('B63AEC1098BB484E',)",0.5862,13.4726,120,,,,
"('无敌涛哥',)","('4296DFA8924CEA9E',)",0.6364,0.3661,140,,,,
"('Martin.F',)","('FED65C2E54A1D503',)",0.7,0.5107,135,,,,
"('猎杀者',)","('306FD8448413C908',)",0.7347,0.8617,64,,,,
"('苦尽甜来',)","('013F51A5E81F1182',)",0.6875,0.5583,61,,,,
"('Kvothe-77',)","('D394409F472ED6D1',)",0.6875,0.1469,8,,,,
"('怪咖先生☕',)","('6BB0B8C10B9B2A2F',)",0.6744,0.1081,142,,,,
"('在菩提树下',)","('00CF26477A4A5B40',)",1,0.4802,2,,,,
"('150***0298',)","('C92FAE1158933256',)",0.6842,0.623,135,,,,
"('势在币赢',)","('173E18571D27A26A',)",0.6667,0.3378,133,,,,
"('Joey-大寅',)","('90D8EE82047CA5A7',)",0.6176,1.6881,2,,,,
"('热带鱼山寨手动趋势策略',)","('0B941D60F29068DD',)",0.5111,0.2746,107,,,,
"(""Ste'ven"",)","('EE0EED30A6E375F6',)",0.6552,0.3069,108,,,,
"('臭臭鸡蛋',)","('719535294CA5F878',)",0.6761,0.2993,139,,,,
"('梭哈梭哈梭哈梭哈梭哈梭哈梭哈是一种智慧',)","('FF3CB55C5BEFC684',)",0.7895,0.1345,142,,,,
"('认真点吧',)","('B06331859291865D',)",0.8,1.1662,142,,,,
"('作手无忌',)","('A2270DA2D42649EB',)",0.5294,0.1894,141,,,,
"('我是嘉嘉 跟我玩就对了',)","('C17C6534C781678A',)",0.6964,0.1967,120,,,,
"('huw***@live.cn',)","('540BF9BFDC6BE5D2',)",0.725,0.6667,145,,,,
"('琼华',)","('C69E65651C183EB0',)",0.7544,5.5734,17,,,,
"('无敌大鲤鱼',)","('A6D274A2EDD8FA5E',)",0.7586,0.0048,87,,,,
"('ck苏小凡',)","('F96437A37D2704E3',)",0.5,0.5942,2,,,,
"('稳定收米',)","('10C7E698C768C3E7',)",0.6364,0.1309,16,,,,
"('Urban Defence',)","('AE51B0E36E3D821E',)",0.7353,0.2399,144,,,,
"('韭皇9527',)","('72244E269E4B164F',)",0.6774,0.2648,120,,,,
"('定心',)","('034AA4A5E1158EFA',)",0.8889,0.6536,145,,,,
"('清华天机类脑计算实验室',)","('9C86FEF7953F3FA5',)",0.6944,0.0433,139,,,,
"('皮皮虾滑',)","('F5179385534E08C1',)",0.6,3.809,144,,,,
"('江需',)","('ADE02B6343D15E77',)",0,0,8,,,,
"('德顺',)","('AAC47532B6D4E1EE',)",0.6364,0.2577,2,,,,
"('1783CLUB',)","('B25EE6E4C9E0F61C',)",0.7895,0.1793,139,,,,
"('散修',)","('339D1F99833E7794',)",0.6522,0.2328,9,,,,
"('180***7180',)","('752CA6BBDB7CA696',)",0.6364,1.6014,107,,,,
"('MDzmitry',)","('FC32489ACF51D058',)",0.6981,0.25,108,,,,
"('Finuntrader',)","('215CF13C5144BD68',)",0.7353,0.124,139,,,,
"('vcoin  winbot1',)","('D24664F9B7CCD690',)",0.5185,0.159,108,,,,
"('二丽',)","('7C3AF0DBDB8ABAD5',)",0.7143,0.0834,2,,,,
"('JACKYUSHARK',)","('FDAFF8B05D1D25C3',)",0.8462,4.6637,144,,,,
"('生生不息S',)","('D328BFDC3A54DEF0',)",0.8,0.4808,141,,,,
"('November rain ',)","('41A8D75C56B2272F',)",0.6087,0.0865,144,,,,
"('杰总Real',)","('2101F34CD80C8794',)",0.625,0.0045,3,,,,
"('水果王',)","('F723299E3B2451C9',)",1,0.047,144,,,,
"('JiaMonroe',)","('551075D6116AC1B2',)",0.6429,0.1791,108,,,,
"('sdo***@gmail.com',)","('CA5B093FEBF2E822',)",0.5714,0.1782,137,,,,
"('Crypto小作手',)","('9417E84552AD2AB6',)",0.6667,0.5384,131,,,,
"('奶龙炒币哈哈',)","('55A020D28CEF792A',)",0,0,1,,,,
"('AADZ',)","('691C9F35D1F0BF9A',)",0.7143,0.2939,13,,,,
"('Drummer-ita',)","('9E2066DAD4EA2D58',)",0.5556,0.4716,144,,,,
"('麦克阿濏',)","('5AD08DCCED1457D3',)",0.9091,0.0374,134,,,,
"('财源滚滚来13 万倍征途 19',)","('72F063CB47ED85B7',)",0.6923,0.0569,2,,,,
"('MRV97',)","('7C683065CDFDD733',)",0.5581,0.4059,108,,,,
"('185***9831',)","('A8B0C5E82835420D',)",0.7143,0.0838,141,,,,
"('无毒放心奶',)","('66936DD0658D0452',)",0.8636,2.9473,1,,,,
"('小楼昨夜又东风1',)","('2F775E6260F9DA41',)",0.7,0.7335,144,,,,
"('King Of Pentacles',)","('C381CC85222B66AA',)",0.7857,0.3593,10,,,,
"('棋上欢',)","('8A598CDD34CB4E9B',)",0.7333,0.1531,144,,,,
"('喜庆啊',)","('D05F1C7DD1E9AE28',)",0.5733,0.2934,143,,,,
"('泡泡变大啦',)","('700EDC6C6F2EB5B0',)",0.8148,0.5365,142,,,,
"('crypto田心',)","('B7F73F8A3B2E8A29',)",0.5714,0.764,142,,,,
"('o零花钱o',)","('DBED62F466305D2D',)",0.6667,0.3292,145,,,,
"('Bit Dragon',)","('32A3FD3013F32BD3',)",0.7037,8.3376,106,,,,
"('MinG857',)","('FC816F09AB61EF8C',)",0.875,0.3632,2,,,,
"('成功无限',)","('FC4E95A0D250E7DE',)",0.7833,0.0331,1,,,,
"('jixiangac',)","('303578A268B12989',)",0.7188,0.1154,18,,,,
"('执者皆失',)","('35D5E62483095832',)",0.6591,0.3034,123,,,,
"('巴菲割',)","('89FE7A70CE82FAE4',)",0.5882,0.0644,108,,,,
"('AlexTC、阿泽',)","('2AB027F7633FC952',)",0.6,0.0914,137,,,,
"('慢慢很快',)","('79D0B1B6EA703F40',)",0.9167,3.3669,143,,,,
"('kalakaka',)","('E42560E415129812',)",0.75,0.4484,144,,,,
"('175***2938',)","('D1060190EECD0426',)",0.6824,2.8683,45,,,,
"('欧巴桑😎',)","('5F0D43625DA6F930',)",1,0.1422,11,,,,
"('KryptoLions',)","('1DD053968CAAF238',)",0.5588,0.0687,49,,,,
"('985硕士勇闯web3',)","('47F2E97A6FEF3262',)",0.5,0.1854,5,,,,
"('dgcfus',)","('385517FFA9FB8009',)",0.5,0.6991,143,,,,
"('全链猫咪🐈',)","('943D8C88D287272C',)",0.7273,0.015,145,,,,
"('YoungLivermore',)","('A7DA89A39CA289AC',)",0.6,1.1929,144,,,,
"('forget-wang',)","('4224E5370A04B7FB',)",0.7778,0.0772,145,,,,
"('旭旭爸被割日常',)","('EF7A59BF8C44548C',)",0.625,0.2519,23,,,,
"('稳健百倍',)","('350FF665966F0A94',)",0.4792,0.699,108,,,,
"('专职经验操盘手',)","('0E194EA681174426',)",0.8462,0.038,27,,,,
"('Johnny Yun',)","('BBCFAD14E5F4148A',)",0.7143,3.4167,144,,,,
"('葵安',)","('8341E2DA85DB0B51',)",0.6,2.1732,3,,,,
"('阿Q•真帅',)","('FEEFD59DE00F7625',)",0.6667,0.4146,1,,,,
"('盛世如你所愿',)","('DDFB651B144763A3',)",0.6667,0.2031,144,,,,
"('GodiTrader',)","('E3EFDEBDD1981DA4',)",0.8065,0.3899,7,,,,
"('嘉胜',)","('31B71F290A35EBFB',)",0.566,0.1005,1,,,,
"('明明10倍多军',)","('B6631983894F559A',)",0.4483,53.4267,141,,,,
"('我必发财发发发',)","('6B52FD8981675791',)",0.6364,0.1576,13,,,,
"('可乐西瓜',)","('20EC8D4CAE49F139',)",0.7045,-0.6527,1,,,,
"('火箭99',)","('1D48DD6C443761CC',)",0.7,0.0951,142,,,,
"('Lucky hit',)","('7C3EEBE55993EEC4',)",0.8636,0.2884,50,,,,
"('孤独交易员 J',)","('B7570D81B3CBE334',)",0.5833,1.0352,141,,,,
"('重生之我在台州做合约',)","('A8E8229488A43085',)",0.7907,0.0913,145,,,,
"('中长线Medium to long li',)","('F0025C4094D44FE1',)",0.48,6.5485,2,,,,
"('短线长盈',)","('C622A0B68B214612',)",0.5455,0.0196,61,,,,
"('菲儿教主',)","('B44FBE0E109F173C',)",0.6471,0.4236,37,,,,
"('帝景-黑暗驱逐者',)","('B282FBFD5A5DF713',)",0.6471,1.3509,148,,,,
"('Risk Capital',)","('906E1630CF6B4534',)",0.6,0.2292,145,,,,
"('野生小酒菜',)","('F4AB58ACAAADD60E',)",0.8462,0.1754,144,,,,
"('152***6875',)","('52053E8784B855F6',)",0.6792,0.8812,100,,,,
"('CANXNX',)","('5413A49F2AF45C0E',)",0.5366,0.5912,146,,,,
"('这币保熟吗',)","('9743843069766C7E',)",0.7917,0.1321,146,,,,
"('小菜菜菜',)","('BF8FE1E6F0250DB3',)",0.8421,1.1967,58,,,,
"('Cesar1',)","('5A294BE344D9469D',)",0.7273,2.933,144,,,,
"('贤龙者.BTC',)","('920B9B5F2BAA3804',)",0.64,0.0162,145,,,,
"('一二三你好',)","('E2A5467E8E91A895',)",0.8462,0.3459,141,,,,
"('闲言少叙',)","('45A7C7B48CD3B566',)",0.6341,0.1134,127,,,,
"('神隐西蒙',)","('BF99F6C724914258',)",0.6667,0.206,144,,,,
"('新韭菜赚1000w',)","('CAEA601ACB878F68',)",0.65,0.1365,61,,,,
"('yuthavithi',)","('3CADB24C0DC14EE7',)",0.725,0.4403,145,,,,
"('鲍鱼哥',)","('5B21ABD1B5F4C29F',)",0.7222,0.1342,1,,,,
"('漢風',)","('5DF6740E3814E09C',)",0.5217,0.3048,140,,,,
"('金沙云',)","('238DE2FC4988ED95',)",0.8333,0.0048,143,,,,
"('稳健盈利方向标',)","('359EE50F2C08AE2B',)",1,0.531,146,,,,
"('疾走蜗牛',)","('D23B7BB6D7E9DC87',)",0.4884,2.566,108,,,,
"('慢慢越来越好',)","('192DA8DE9AFCF311',)",0.6667,0.0907,2,,,,
"('邪神永续',)","('590D4FBB67262B28',)",0.5581,0.0765,144,,,,
"('一千u翻百翻',)","('64F0084DA623B30C',)",0.7273,0.7895,7,,,,
"('Erenaqqq',)","('13CCB32C040CBD29',)",0.8,0.3913,144,,,,
"('颢语宸星',)","('39849A44F88E4E72',)",0.8462,0.8463,4,,,,
"('小天才程景',)","('EAE82A0A516D739C',)",0.8333,1.1533,144,,,,
"('佰里守约',)","('7EABFEAB2C9DDE01',)",0.7222,2.9981,144,,,,
"('CHENG-BOSS',)","('FB86F4C09C25B6F5',)",0.6923,1.2725,108,,,,
"('低杠杆稳定复利',)","('8149CD580BBBFD51',)",0.7647,0.0616,14,,,,
"('三千量化',)","('CED625B1A2EE8C4D',)",0.7647,1.7646,1,,,,
"('牛牛带单',)","('FE880CB141C53210',)",0.5714,0.0518,143,,,,
"('四个白板',)","('784DF799DB0DF52A',)",0.7692,0.0835,141,,,,
"('heyuejiaoyi.eth',)","('63E64684F532A4E7',)",0.5658,0.1258,139,,,,
"('自然法则-波浪',)","('61C2647155FDC7DF',)",0.3867,1.2515,141,,,,
"('赚不完亏得完.',)","('561448A8B436D655',)",0.5714,2.1269,2,,,,
"('威廉宝宝的财富小火车冲冲冲！',)","('80291BE87EDA6FC6',)",0.8246,0.3089,9,,,,
"('佛系王者',)","('C25D8E25B4B1AAA5',)",0.8125,0.4583,142,,,,
"('逆流直上',)","('C7300E0838825885',)",0.5455,0.059,19,,,,
"('孤独的九阳神功',)","('3457EFDD2956A77A',)",0.65,0.1046,3,,,,
"('沐官',)","('CB1D2134D1F9F751',)",1,2.3104,108,,,,
"('White Creek Trading ',)","('591A43BB574BA061',)",0.6667,0.041,148,,,,
"('如来爱吃大饼',)","('9E1AC7EBC1B81C8E',)",0.8036,0.2464,144,,,,
"('TheBoy_579b520d09b7',)","('4DC3848EFB86C303',)",0.68,0.0229,14,,,,
